Page path and screen class,Views,Users,Views per user,Average engagement time,Event count,Conversions,Total revenue
/,19551,3386,5.7740696987595985,80.7968103957472,31353,0,0
/blog/vimcolorscheme,3985,3459,1.1520670714079213,11.04278693263949,15859,0,0
/training-courses,2538,1093,2.3220494053064957,35.757548032936874,6060,0,0
/posters,2493,1462,1.7051983584131327,18.52530779753762,10980,0,0
/blog/singlevmk8s,2124,1489,1.4264607118871726,46.50503693754197,7874,0,0
/blog/install-python-and-ansible,1123,975,1.1517948717948718,18.382564102564103,4483,0,0
/about,889,614,1.4478827361563518,15.941368078175897,2560,0,0
/overview-sip,771,398,1.9371859296482412,31.20854271356784,2224,0,0
/overview-5g,692,365,1.895890410958904,27.07123287671233,1895,0,0
/blog/ubuntu-1804-preseed-installation,675,454,1.486784140969163,31.1784140969163,2458,0,0
/store/online-live,624,1,624,133,787,0,0
/kubernetes,586,298,1.9664429530201342,15.312080536912752,1330,0,0
/cloud-devops-tutorials,573,440,1.3022727272727272,12.670454545454545,1882,0,0
/telecom-courses,541,308,1.7564935064935066,16.75,1313,0,0
/overview-kubernetes-ckad,533,289,1.8442906574394464,23.80622837370242,1375,0,0
/programming-training,526,254,2.0708661417322833,16.476377952755904,1171,0,0
/events-online-training,468,186,2.5161290322580645,26.376344086021504,956,0,0
/overview-terraform,460,237,1.9409282700421941,24.50210970464135,1144,0,0
/blog/diagnosing-a-slow-network,440,362,1.2154696132596685,31.209944751381215,1746,0,0
/overview-cka-training,431,230,1.873913043478261,23.104347826086958,1033,0,0
/cloud-training,379,209,1.813397129186603,15.344497607655502,881,0,0
/ansible-training,367,151,2.4304635761589406,19.105960264900663,802,0,0
/ai-training,358,141,2.5390070921985815,23.581560283687942,795,0,0
/on-demand-courses,346,166,2.0843373493975905,52.403614457831324,883,0,0
/contact,331,281,1.1779359430604983,10.587188612099645,1081,149,0
/blog,329,117,2.8119658119658117,61.35897435897436,736,0,0
/overview-ansible,324,182,1.7802197802197801,21.642857142857142,853,0,0
/overview-volte,299,200,1.495,23.915,1020,0,0
/blog/passing-the-ckad,289,205,1.4097560975609755,34.57560975609756,1113,0,0
/overview-python-basics-training,282,180,1.5666666666666667,18.227777777777778,706,0,0
/overview-opensource-ai,277,103,2.6893203883495147,48.29126213592233,666,0,0
/store,276,15,18.4,27.466666666666665,344,0,0
/blog/ansible-eos-banner-tutorial,247,198,1.2474747474747474,29.146464646464647,993,0,0
/suse-linux-rancher-k8s,236,117,2.017094017094017,18.726495726495727,573,0,0
/overview-deploying5g,231,137,1.686131386861314,22.868613138686133,639,0,0
/blog/unlocking-your-vim-screen,213,192,1.109375,5.5,851,0,0
/overview-automation-python-ansible-training,204,107,1.9065420560747663,20.037383177570092,475,0,0
/careers,199,146,1.3630136986301369,19.54794520547945,541,0,0
/overview-cks,198,82,2.4146341463414633,26.98780487804878,464,0,0
/blog/restore-backed-up-files-using-ansible,178,162,1.0987654320987654,26.493827160493826,717,0,0
/store/p/sip-self-paced,168,101,1.6633663366336633,21.712871287128714,453,0,0
/overview-api-python-training,167,103,1.6213592233009708,13.281553398058252,422,0,0
/blog/installing-windows-subsystem-for-linux-2-wsl2,165,130,1.2692307692307692,22.784615384615385,637,0,0
/overview-python-network-automation,164,105,1.561904761904762,14.295238095238096,415,0,0
/store/p/ipsec-self-paced-course,162,111,1.4594594594594594,6.171171171171171,519,0,0
/store/p/5g-essentials-self-paced-course,154,85,1.811764705882353,23.611764705882354,436,0,0
/overviewsdwantraining,151,100,1.51,27.7,429,0,0
/overview-golang-training,146,94,1.553191489361702,23.585106382978722,408,0,0
/blog/ansible-and-infoblox,140,105,1.3333333333333333,26.00952380952381,546,0,0
/blog/8-steps-to-k8s-cluster,128,73,1.7534246575342465,36.19178082191781,408,0,0
/blog/throttling-ansibles-localaction-module,128,111,1.1531531531531531,17.243243243243242,501,0,0
/cart,127,105,1.2095238095238094,5.076190476190476,402,0,0
/blog/securingdnsmasq,121,103,1.174757281553398,17.58252427184466,457,0,0
/devops,119,52,2.2884615384615383,23.346153846153847,288,0,0
/blog/launch-cloud-init-configured-vms,116,98,1.183673469387755,24.43877551020408,446,0,0
/blog/error-invalid-value-apiall-on-kube-apiserver,101,80,1.2625,17.6,388,0,0
/overview-rancher-training,98,60,1.6333333333333333,31.883333333333333,244,0,0
/store/p/go-practice-labs-3678w,98,66,1.4848484848484849,5.090909090909091,323,0,0
/testimonials,98,51,1.9215686274509804,55.05882352941177,287,0,0
/free-course-trials,94,67,1.4029850746268657,31.104477611940297,232,0,0
/overview-suse-k8s,92,58,1.5862068965517242,11.39655172413793,226,0,0
/overview-jenkins-training,91,54,1.6851851851851851,14.74074074074074,196,0,0
/overview-sdn-training,90,62,1.4516129032258065,26.048387096774192,290,0,0
/overview-microservices-training,88,64,1.375,17.453125,215,0,0
/overviewpython-training-data-sciences,82,40,2.05,35.875,195,0,0
/store/p/suse-rancher-aug2023,78,24,3.25,16.833333333333332,176,0,0
/overview-django,77,22,3.5,53.54545454545455,131,0,0
/blog/adding-spell-checking-as-a-github-action,75,49,1.530612244897959,25.73469387755102,261,0,0
/overview-gitlab-training,74,53,1.3962264150943395,12.018867924528301,169,0,0
/overview-suse-neuvector,73,39,1.8717948717948718,46.61538461538461,212,0,0
/overview-ipsec-training,70,59,1.1864406779661016,15.610169491525424,245,0,0
/instructor-application,69,48,1.4375,66.54166666666667,190,0,0
/overview-natural-language-ai,69,22,3.1363636363636362,48.63636363636363,144,0,0
/blog/-28-bytes-later,67,58,1.1551724137931034,11.448275862068966,259,0,0
/blog/creating-flask-server,66,19,3.473684210526316,46.78947368421053,146,0,0
/stu,66,54,1.2222222222222223,29.074074074074073,184,0,0
/blog/converting-html-to-markdown,61,55,1.1090909090909091,11.745454545454546,238,0,0
/sales-application,61,29,2.103448275862069,186.6206896551724,239,0,0
/store/p/kubernetes-bootcamp-self-paced,61,41,1.4878048780487805,9.073170731707316,162,0,0
/overview-python-ai,60,37,1.6216216216216217,22.89189189189189,139,0,0
/store/p/api-design-with-python-dec2023,60,6,10,81,81,0,0
/overview-linux-training,59,43,1.372093023255814,12.651162790697674,143,0,0
/home,58,3,19.333333333333332,112.33333333333333,84,0,0
/home-copy,58,2,29,1582.5,115,0,0
/overview-crush-the-ckad,58,27,2.1481481481481484,39.074074074074076,125,0,0
/zach,57,48,1.1875,11.145833333333334,177,0,0
/blog/ansible-vault-hello-world,56,50,1.12,21.92,222,0,0
/overviewansible-for-dbas,56,28,2,13.785714285714286,124,0,0
/store/p/kubernetes-online-live-class-oct2023,56,4,14,4,80,0,0
/store/p/kubernetes-online-live-class-july2023,55,12,4.583333333333333,3.4166666666666665,91,0,0
/store/p/os-generative-ai-9-23,55,13,4.230769230769231,10.846153846153847,102,0,0
/store/p/ansible-essentials-self-paced,54,38,1.4210526315789473,8.473684210526315,155,0,0
/store/p/cka-online-live-class-dec2023,54,8,6.75,22.625,76,0,0
/store/p/os-generative-ai-feb2024,54,4,13.5,21.25,59,0,0
/overview-ansible-202,53,22,2.409090909090909,13.681818181818182,113,0,0
/overview-openstack-training,52,41,1.2682926829268293,30.073170731707318,177,0,0
/store/p/cka-online-live-class-june2023,51,7,7.285714285714286,8.571428571428571,66,0,0
/store/p/volte-and-the-ims-self-paced-course,51,31,1.6451612903225807,13.387096774193548,140,0,0
/overview-ansible-203,50,20,2.5,28.85,100,0,0
/overview-mastering-ansible-training,50,36,1.3888888888888888,22.333333333333332,113,0,0
/overview-tcp-ip,50,26,1.9230769230769231,44.65384615384615,102,0,0
/store/p/suse-k8s-aug2023,50,24,2.0833333333333335,6.166666666666667,129,0,0
/blog/managing-github-issue-labels-across-organizations-and-repositories,49,40,1.225,22.35,195,0,0
/overview-ansible-302,48,18,2.6666666666666665,34.94444444444444,103,0,0
/store/p/avaya-aura-self-paced-course,48,33,1.4545454545454546,8.181818181818182,180,0,0
/store/p/cks-aug2023,48,15,3.2,2.6666666666666665,104,0,0
/store/p/golang-oct2023,48,2,24,2.5,53,0,0
/tim,47,27,1.7407407407407407,27.22222222222222,134,0,0
/blog/introduction-to-kubernetes,46,34,1.3529411764705883,7.4411764705882355,112,0,0
/blog/python-and-the-magic-wormhole-project,46,41,1.1219512195121952,11.634146341463415,174,0,0
/store/p/api-design-with-python-aug2023,45,8,5.625,5.375,81,0,0
/store/p/api-practice-labs,45,37,1.2162162162162162,3.6486486486486487,147,0,0
/store/p/kubernetes-ckad-online-live-class-sept2023,45,3,15,26.333333333333332,67,0,0
/store/p/napya-aug,45,5,9,3.2,69,0,0
/store/p/python-basics-self-paced,45,28,1.6071428571428572,5.785714285714286,121,0,0
/overview-ansible-102,44,27,1.6296296296296295,13.74074074074074,101,0,0
/overview-k8s,44,42,1.0476190476190477,2.0714285714285716,180,0,0
/overview-prompt-engineering,44,22,2,47.72727272727273,86,0,0
/store/p/suse-k8s-may2023,44,19,2.3157894736842106,15.842105263157896,101,0,0
/store/self-paced,44,8,5.5,45.25,72,0,0
/store-sip,43,38,1.131578947368421,6.394736842105263,140,0,0
/store/p/suse-k8s-nov2023,43,18,2.388888888888889,7.722222222222222,94,0,0
/store/p/terraform/mar2024,43,2,21.5,0.5,44,0,0
/training-courses-2,41,4,10.25,475.75,80,0,0
/store/p/sdnnfv-self-paced,40,26,1.5384615384615385,14.384615384615385,108,0,0
/blog/fastapi,39,24,1.625,35.458333333333336,105,0,0
/overview-5g-overview,39,15,2.6,37.4,99,0,0
/store/p/python-basics-online-live-july2023,39,15,2.6,3.8,82,0,0
/store/p/sip-online-live-july2023,39,10,3.9,6.9,71,0,0
/store/p/suse-k8s-mar2023,39,16,2.4375,25.5625,82,0,0
/blog/ansible-templates,38,36,1.0555555555555556,10.416666666666666,134,0,0
/store/p/5g-essentials-online-live-class-sept2021,38,29,1.3103448275862069,6.827586206896552,137,0,0
/store/p/cka-online-live-class-april2023,38,7,5.428571428571429,14.571428571428571,64,0,0
/store/p/terraform/jan2024,38,3,12.666666666666666,6,44,0,0
/courses-accordian,37,3,12.333333333333334,227.66666666666666,68,0,0
/store-python-basics-training,37,11,3.3636363636363638,85.36363636363636,67,0,0
/store/p/cka-online-live-class-oct2023-6r888,37,9,4.111111111111111,2.5555555555555554,64,0,0
/store/p/suse-rancher-may2023,37,19,1.9473684210526316,8.368421052631579,83,0,0
/store-certified-kubernetes-training,36,22,1.6363636363636365,20.181818181818183,79,0,0
/store/p/suse-rancher-nov2023,36,15,2.4,10.2,90,0,0
/store/p/crush-the-ckad,35,21,1.6666666666666667,16.142857142857142,75,0,0
/classroom-live,33,28,1.1785714285714286,22.714285714285715,90,0,0
/rob,33,30,1.1,14,109,0,0
/store/p/os-generative-ai-may2024,33,2,16.5,0.5,35,0,0
/store/p/python-basics-online-live-dec2023-yp2xk,32,4,8,5.75,41,0,0
/overview-zerocodechatbots-chatgpt,31,19,1.631578947368421,29.842105263157894,61,0,0
/store/p/golang-august2023,31,1,31,0,36,0,0
/store/p/terraform/sept2023,31,6,5.166666666666667,9.5,49,0,0
/store/p/api-design-with-python-oct2023,30,3,10,4.333333333333333,40,0,0
/store/p/cka-online-live-class-aug2023,30,14,2.142857142857143,3.142857142857143,57,0,0
/store/p/jenkins-training-dec2023,30,1,30,0,33,0,0
/store/p/napya-dec2023,30,5,6,3.4,38,0,0
/store/p/network-automation-python-ansible-practice-labs,30,29,1.0344827586206897,3.586206896551724,130,0,0
/store/p/pythonnetworautomation-may2023,30,3,10,7,41,0,0
/store/p/sip-online-live-oct2023,30,8,3.75,15.875,52,0,0
/blog/back-up-your-organizations-github,29,22,1.3181818181818181,15.363636363636363,108,0,0
/hutch,29,13,2.230769230769231,37.15384615384615,60,0,0
/overview-zerocode-ai,29,17,1.7058823529411764,51.294117647058826,65,0,0
/store/p/cka-online-live-class-feb2024,29,1,29,5,36,0,0
/store/p/golang-march2024,29,2,14.5,0,31,0,0
/store/p/napya-jan2024,29,1,29,0,29,0,0
/overview-docker101,28,17,1.6470588235294117,22.941176470588236,63,0,0
/overview-zerocodechatbots,28,15,1.8666666666666667,7.133333333333334,55,0,0
/blog/python-apis-part2,27,27,1,23.77777777777778,112,0,0
/store/p/ansible-essentials-online-feb2024,27,1,27,0,27,0,0
/store/p/ansible-essentials-online-may2023,27,4,6.75,2,34,0,0
/store/p/ansible-essentials-online-nov2023,27,5,5.4,0.8,38,0,0
/store/p/tf-selfpaced,27,12,2.25,9.083333333333334,62,0,0
/aws-training,26,19,1.368421052631579,6.578947368421052,59,0,0
/blog/installing-ansible,26,13,2,24.76923076923077,65,0,0
/overview-packer,26,19,1.368421052631579,14.105263157894736,55,0,0
/store/p/cka-online-live-class-feb-2023,26,6,4.333333333333333,14.333333333333334,42,0,0
/store/p/os-generative-ai-11-6-23,26,8,3.25,18.5,35,0,0
/store/p/pe-ai-10-12-23,26,1,26,2,30,0,0
/store/p/python-networking-aug2023,26,3,8.666666666666666,0.3333333333333333,31,0,0
/terms-and-conditions,26,8,3.25,100.75,82,0,0
/overview-awsdevops,25,7,3.5714285714285716,3.5714285714285716,34,0,0
/store-cks,25,5,5,53.4,45,0,0
/store/p/api-design-with-python-feb2023,25,2,12.5,3,28,0,0
/store/p/napya-oct2023,25,7,3.5714285714285716,2.857142857142857,49,0,0
/blog/ansible-is-for-everyone,24,13,1.8461538461538463,17.23076923076923,62,0,0
/chad,24,20,1.2,7.35,65,0,0
/overview-opensource-ai-dell,24,11,2.1818181818181817,26,58,0,0
/store/p/ansible-essentials-online-sept2023-ynbsl,24,5,4.8,5.8,36,0,0
/store/p/cks-august2023,24,1,24,0,29,0,0
/store/p/golang-march2023,24,2,12,0.5,30,0,0
/store/p/golang-nov2023,24,1,24,2,32,0,0
/store/p/jenkins-sept2023,24,3,8,2.3333333333333335,29,0,0
/store/p/k8s-ckad-practice-labs,24,22,1.0909090909090908,4.454545454545454,98,0,0
/store/p/terraform/june2023,24,11,2.1818181818181817,5.909090909090909,57,0,0
/store/p/terraform/march2023,24,4,6,6.75,33,0,0
/blog/pythonapi-part1,23,22,1.0454545454545454,18.09090909090909,87,0,0
/overview-ansible-ai,23,17,1.3529411764705883,22.235294117647058,50,0,0
/store/p/api-design-with-python-april2023,23,3,7.666666666666667,4.666666666666667,31,0,0
/store/p/cks-feb2024,23,1,23,0,23,0,0
/store/p/jenkins-practice-labs,23,23,1,3,93,0,0
/store/p/kubernetes-online-live-class-april2023,23,4,5.75,3.75,31,0,0
/store/p/sip-online-live-feb2024,23,5,4.6,11.2,28,0,0
/store/p/suse-rancher-mar2023,23,13,1.7692307692307692,6.384615384615385,52,0,0
/overview-sles-training,22,20,1.1,7.5,84,0,0
/store-5g,22,16,1.375,14.5625,47,0,0
/store/p/5g-essentials-online-live-class-nov2023,22,8,2.75,3.375,33,0,0
/store/p/python-basics-online-live-class-jan-2023,22,2,11,1.5,34,0,0
/blog/go-programming-print,21,13,1.6153846153846154,22.692307692307693,56,0,0
/overview-avaya-training,21,17,1.2352941176470589,3.6470588235294117,91,0,0
/store-network-automation-training,21,12,1.75,10.25,56,0,0
/store/p/5g-essentials-online-live-class-aug2023,21,5,4.2,6.8,33,0,0
/store/p/pe-ai-8-24-23,21,1,21,0,25,0,0
/store/p/python-basics-online-live-class-april2023,21,4,5.25,3.25,30,0,0
/store/p/terraform/aug-2023,21,7,3,5.571428571428571,41,0,0
/blog/ansible-switch-configuration-archive-tutorial,20,17,1.1764705882352942,32.64705882352941,53,0,0
/blog/jinja-templates,20,13,1.5384615384615385,10.615384615384615,61,0,0
/overview-os,20,18,1.1111111111111112,4.666666666666667,85,0,0
/store/p/pe-ai-jan2024,20,1,20,0,20,0,0
/store/p/pyai-jan2024,20,1,20,6,21,0,0
/store/p/pythonnetworautomation-mar2023,20,2,10,0.5,25,0,0
/store/p/pythonnetworautomation-nov2023,20,3,6.666666666666667,3.3333333333333335,28,0,0
/store/p/terraform/may-2023,20,5,4,2.2,33,0,0
/blog/api-requests-with-python,19,6,3.1666666666666665,12.666666666666666,33,0,0
/overview-circleci-training,19,18,1.0555555555555556,16.88888888888889,55,0,0
/overview-github-training,19,15,1.2666666666666666,25.133333333333333,34,0,0
/overview-zerocodechatbots-bard,19,4,4.75,66.75,44,0,0
/store/p/ansible-essentials-online-june2023-f8wt8,19,2,9.5,1,23,0,0
/store/p/kubernetes-online-live-class-april2024,19,1,19,0,19,0,0
/store/p/python-basics-online-live-june2024,19,3,6.333333333333333,1.6666666666666667,20,0,0
/store/p/python-practice-labs,19,18,1.0555555555555556,2.6666666666666665,65,0,0
/store/p/self-paced-terraform-iac-course,19,9,2.111111111111111,28.77777777777778,47,0,0
/store/p/suse-k8s-jan2024,19,2,9.5,0.5,20,0,0
/alta3-research-course-portfolio,18,3,6,190,34,0,0
/overview-ai-chat-bard,18,8,2.25,69,33,0,0
/posters/,18,11,1.6363636363636365,16.181818181818183,75,0,0
/store-django,18,2,9,61,25,0,0
/store/p/ansible-essentials-online-feb2023,18,3,6,17.666666666666668,21,0,0
/store/p/cks-december2023,18,1,18,0,21,0,0
/store/p/cks-june,18,4,4.5,2.5,22,0,0
/store/p/golang-june23,18,1,18,0,20,0,0
/store/p/jenkins-training-mar2023,18,2,9,0.5,21,0,0
/store/p/kubernetes-online-live-class-jan2024,18,1,18,2,19,0,0
/store/p/pyai-april2024,18,1,18,7,19,0,0
/store/p/python-network-automation-self-paced,18,8,2.25,14.375,36,0,0
/store/p/pythonnetworautomation-june2024,18,1,18,0,18,0,0
/blog/moving-active-k8s-cluster-on-qemu-vm,17,16,1.0625,16.8125,60,0,0
/blog/vim-introduction-getting-started-with-vim,17,10,1.7,4.4,51,0,0
/checkout,17,16,1.0625,65.875,53,0,0
/store/p/api-design-with-python-june2023,17,2,8.5,1,24,0,0
/store/p/api-design-with-python-march2024,17,2,8.5,0.5,19,0,0
/store/p/microservices-online-live-class-mar2023,17,5,3.4,3.6,23,0,0
/store/p/microservices-online-live-sept2023,17,1,17,0,24,0,0
/store/p/python-networking-march2023,17,3,5.666666666666667,0.3333333333333333,22,0,0
/store/p/sip-online-live-may2023,17,5,3.4,5.6,28,0,0
/blog/ansible-basics-tutorial,16,11,1.4545454545454546,18.545454545454547,60,0,0
/blog/gos-approach-to-arrays-and-slices,16,5,3.2,11,33,0,0
/overview-ansible-training-dell,16,1,16,371,21,0,0
/store/p/golang-june-2023,16,2,8,0.5,21,0,0
/store/p/jenkins-june2024,16,1,16,0,16,0,0
/store/p/microservices-online-live-dec2023,16,4,4,15.5,27,0,0
/store/p/pythonnetworautomation-july2023,16,5,3.2,7.6,25,0,0
/store/p/terraform/june2024,16,1,16,0,16,0,0
/overview-awsarchitect,15,7,2.142857142857143,9.571428571428571,29,0,0
/overview-java-ai,15,8,1.875,43.75,32,0,0
/store-api-python-training,15,6,2.5,2.6666666666666665,27,0,0
/store/p/ansible-essentials-online-aug2023,15,1,15,0,19,0,0
/store/p/cka-selfpaced,15,9,1.6666666666666667,7,35,0,0
/store/p/kubernetes-ckad-online-class-dec2023,15,1,15,0,18,0,0
/store/p/pyai-july2024,15,1,15,0,15,0,0
/store/p/python-basics-online-live-oct2023,15,3,5,3,22,0,0
/blog/crushckad,14,13,1.0769230769230769,3.4615384615384617,48,0,0
/overview-docker-1,14,7,2,67.71428571428571,24,0,0
/store-microservices-training,14,5,2.8,14.2,28,0,0
/store/p/kubernetes-online-live-class-jan-2023,14,2,7,10,18,0,0
/store/p/os-generative-ai-9-19-23,14,2,7,11,22,0,0
/store/p/python203-ds,14,1,14,0,14,0,0
/overview-zerocodechatbots-watson,13,7,1.8571428571428572,25.857142857142858,24,0,0
/search,13,4,3.25,30.25,44,0,0
/store/p/cks-nov2023,13,1,13,0,14,0,0
/store/p/jenkins-dec2023,13,2,6.5,8.5,16,0,0
/store/p/jenkins-june23,13,1,13,0,13,0,0
/store/p/nlp-ai,13,2,6.5,5.5,16,0,0
/store/p/python-basics-online-live-march2024,13,1,13,0,14,0,0
/store/p/zerocode-ai-googlebard,13,1,13,0,18,0,0
/docker-training,12,6,2,12.833333333333334,24,0,0
/overview-ceph,12,10,1.2,10.7,49,0,0
/overview-comptia-network,12,10,1.2,4.1,26,0,0
/overview-terraform-special,12,8,1.5,4.5,28,0,0
/store-kubernetes-ckad,12,12,1,7.75,32,0,0
/store-terraform,12,3,4,12.333333333333334,19,0,0
/store/p/django,12,1,12,0,15,0,0
/store/p/django-8-2023,12,1,12,0,14,0,0
/store/p/jenkins-march2024,12,1,12,0,12,0,0
/store/p/python203-ds-7-2023,12,2,6,0,15,0,0
/store/p/python203-ds-oct2023,12,1,12,0,16,0,0
/blog/00fg5lqocxkpikimilx872gnbtt2yc,11,10,1.1,3.4,39,0,0
/blog/how-to-install-terraform-infrastructure-as-code-tool,11,4,2.75,21,20,0,0
/blog/python-tutorial-using-python-to-interact-with-excel,11,8,1.375,3.375,30,0,0
/jason,11,10,1.1,9.5,26,0,0
/overview-ansible-1,11,1,11,1041,20,0,0
/overview-golang-ai,11,7,1.5714285714285714,34.714285714285715,19,0,0
/paul,11,7,1.5714285714285714,29.428571428571427,27,0,0
/pure-storage-terraform,11,8,1.375,5.25,38,0,0
/store-neuvector,11,5,2.2,7.4,19,0,0
/store-python-automation-training,11,6,1.8333333333333333,4.5,25,0,0
/store-python-data-sciences-training,11,2,5.5,22.5,21,0,0
/store/p/ansible-practice-labs,11,11,1,3,41,0,0
/store/p/pe-ai-april24,11,1,11,0,11,0,0
/store/p/suse-k8s-april2024,11,3,3.6666666666666665,2.3333333333333335,16,0,0
/store/p/suse-rancher-jan2024,11,2,5.5,0.5,12,0,0
/store/p/terraform/nov2023,11,2,5.5,3,14,0,0
/certification-pyna-202,10,2,5,27,12,0,0
/home-1,10,1,10,44,16,0,0
/overview-linux-4-dev,10,2,5,5.5,32,0,0
/store-2,10,1,10,13,13,0,0
/store-ansible-training,10,5,2,5.8,19,0,0
/store/p/cks,10,2,5,59,15,0,0
/store/p/cks-4-2023,10,2,5,0.5,11,0,0
/store/p/napya-may2024,10,1,10,0,10,0,0
/store/p/pythonds-oct2023,10,2,5,0.5,15,0,0
/store/p/pythonnetworautomation-sept2022,10,2,5,1,17,0,0
/alta3-logo,9,5,1.8,13,22,0,0
/blog/getting-keyed-up,9,6,1.5,22.666666666666668,25,0,0
/blog/magic-the-gathering-api,9,7,1.2857142857142858,4.857142857142857,21,0,0
/certification-5g,9,1,9,104,13,0,0
/store/p/api-design-with-python-may2024,9,1,9,0,9,0,0
/store/p/cka-practice-labs,9,7,1.2857142857142858,1.8571428571428572,31,0,0
/store/p/developing-on-aws-online-live-class-feb28,9,2,4.5,0.5,13,0,0
/store/p/django-sept2023,9,1,9,0,11,0,0
/store/p/kubernetes-bootcamp-online-live-class-nov2021,9,9,1,2.3333333333333335,36,0,0
/store/p/napya-june2023,9,1,9,0,10,0,0
/store/p/pythonds-july2023,9,3,3,3,16,0,0
/store/p/pythonnetworautomation-march2024,9,1,9,0,9,0,0
/store/p/terraform/april2024,9,1,9,0,9,0,0
/DEVOPS,8,1,8,24,23,0,0
/blog/ansible-template-tutorial,8,7,1.1428571428571428,14.857142857142858,20,0,0
/blog/python-and-apis-nasas-open-apis,8,8,1,2.75,36,0,0
/certification-python-201,8,3,2.6666666666666665,44,15,0,0
/overview-5g-courses,8,6,1.3333333333333333,6.666666666666667,24,0,0
/overview-devsecops,8,2,4,311.5,16,0,0
/sean,8,8,1,5.5,23,0,0
/store-nlp-ai,8,3,2.6666666666666665,12.333333333333334,11,0,0
/store/p/api-design-with-python-dec2022,8,1,8,0,13,0,0
/store/p/cka-online-live-class-april2024,8,1,8,0,8,0,0
/store/p/cks-aug2023-k2uEG,8,1,8,0,8,0,0
/store/p/pe-ai-11-20-23,8,2,4,0.5,9,0,0
/store/p/sip-online-live-apr2024,8,3,2.6666666666666665,30.333333333333332,12,0,0
/blog-1-1/test-course-idea,7,1,7,0,15,0,0
/blog/install-virtualbox,7,6,1.1666666666666667,9.333333333333334,19,0,0
/certification-pyb,7,2,3.5,57,10,0,0
/store-jenkins-training,7,5,1.4,4,14,0,0
/store/p/api-design-with-python-jan2024,7,1,7,0,7,0,0
/store/p/apis-and-api-design-with-python-june-1-5-jmz9w,7,5,1.4,1,23,0,0
/store/p/architecting-on-aws-online-live-class-aug18,7,1,7,0,14,0,0
/store/p/cka-online-live-class-june2024,7,1,7,0,7,0,0
/store/p/django-nov2023,7,1,7,0,7,0,0
/store/p/kubernetes-bootcamp-online-live-class-aug2021,7,3,2.3333333333333335,6,15,0,0
/store/p/nlp-ai-10-5-23,7,2,3.5,6.5,10,0,0
/store/p/python-networking-june2023-ccftf,7,1,7,0,11,0,0
/store/p/sip-online-live-dec-2021,7,7,1,10.142857142857142,30,0,0
/store/p/sip-online-live-feb-2023,7,3,2.3333333333333335,16,14,0,0
/store/p/suse-rancher-apr2024,7,2,3.5,0,7,0,0
/store/webinar,7,1,7,0,14,0,0
/training/sip-training/,7,7,1,2.7142857142857144,25,0,0
/about/,6,5,1.2,4.2,20,0,0
/blog/how-to-create-a-virtual-machine,6,5,1.2,6,16,0,0
/blog/python-versions-python2-vs-python3,6,5,1.2,26.4,12,0,0
/course-not-available,6,6,1,5.166666666666667,16,0,0
/courses/sdn,6,5,1.2,9.6,22,0,0
/dashboard,6,3,2,1,19,0,0
/instructor-application-1,6,1,6,0,11,0,0
/postersfor,6,5,1.2,4.8,26,0,0
/store-ai-bard,6,1,6,301,8,0,0
/store-nlp-ai-1,6,1,6,0,7,0,0
/store-prompt-engineering,6,1,6,20,9,0,0
/store-python-data-sciences-training-1,6,1,6,154,8,0,0
/store/labs,6,3,2,3.6666666666666665,14,0,0
/store/p/aws-technical-essentials-online-live-class-oct2023,6,1,6,0,12,0,0
/store/p/cks-april2024,6,1,6,0,6,0,0
/store/p/django-aug2023,6,1,6,0,6,0,0
/store/p/golang-june2024,6,1,6,0,6,0,0
/store/p/kubernetes-online-live-class-june2024,6,1,6,0,6,0,0
/store/p/python-networking-dec2023-8j2rs,6,1,6,0,10,0,0
/store/p/suse-k8s-dec2021,6,6,1,2.5,17,0,0
/store/p/terraform/oct-2023,6,1,6,0,8,0,0
/training/virtual-sip-training/,6,6,1,6.5,21,0,0
/user,6,3,2,7.333333333333333,19,0,0
/Y2xvdWQtZG,5,5,1,2.6,22,0,0
/alta3-research-course-training,5,3,1.6666666666666667,123.66666666666667,12,0,0
/blog/null,5,3,1.6666666666666667,0,5,0,0
/home-old,5,1,5,0,8,0,0
/overview-INSERT_URL_HERE,5,2,2.5,2.5,12,0,0
/overview-automation-python-ansible-training-1,5,1,5,719,10,0,0
/overview-aws-tech,5,5,1,14.8,12,0,0
/overview-devops-foundations-training,5,2,2.5,2.5,10,0,0
/overview-nab,5,1,5,4,14,0,0
/store-ansible-training-dell,5,1,5,10,8,0,0
/store-ipsec-training,5,5,1,7,16,0,0
/store-rancher-training,5,2,2.5,7.5,8,0,0
/store-sdn-training,5,2,2.5,0,10,0,0
/store/p/5g-essentials-online-live-class-feb2023,5,2,2.5,2.5,8,0,0
/store/p/5g-essentials-online-live-class-may2023,5,3,1.6666666666666667,6,10,0,0
/store/p/ansible-essentials-online-may2024,5,1,5,0,5,0,0
/store/p/api-design-with-python-jan2024-59pay,5,1,5,0,6,0,0
/store/p/api-design-with-python-sept2021,5,5,1,3,21,0,0
/store/p/architecting-on-aws-online-live-class-42023,5,1,5,0,6,0,0
/store/p/aws-techessentials-jan30,5,4,1.25,4.75,8,0,0
/store/p/developing-on-aws-online-live-class-june22,5,1,5,0,9,0,0
/store/p/gitlab-training-oct2021,5,5,1,10.2,20,0,0
/store/p/jenkins-training-sept2023,5,1,5,0,7,0,0
/store/p/microservices-practice-labs,5,3,1.6666666666666667,1.6666666666666667,14,0,0
/store/p/network-automation-online-live-class-aug2022,5,1,5,0,8,0,0
/store/p/network-automation-with-python-and-ansible-online-live-class-oct2020,5,5,1,2,18,0,0
/store/p/packer-training,5,1,5,0,7,0,0
/store/p/python-basics-online-live-july2023-tpzh2,5,1,5,0,6,0,0
/store/p/sdn-practice-labs,5,5,1,9,22,0,0
/store/p/subscription-mnthly,5,2,2.5,14,11,0,0
/store/p/suse-k8s-jan2022,5,4,1.25,3.25,16,0,0
/store/p/terraform/jan2023,5,1,5,0,8,0,0
/store/virtual,5,3,1.6666666666666667,7,10,0,0
/aboutj,4,1,4,95,13,0,0
/blog/,4,2,2,25,9,0,0
/blog/install-windows-terminal,4,4,1,11.75,13,0,0
/checkout/order-confirmed,4,4,1,88.5,23,4,0
/home-2,4,1,4,0,7,0,0
/kubernetes-5g-webinar,4,1,4,2,6,0,0
/march-suse-rancher-webinar,4,2,2,0.5,6,0,0
/overview-docker,4,1,4,298,7,0,0
/overview-napya,4,4,1,1.5,14,0,0
/store-os-generative-ai,4,1,4,74,6,0,0
/store-suse-k8s-training,4,3,1.3333333333333333,2.3333333333333335,8,0,0
/store/p/5g-essentials-online-live-class-nov2020,4,3,1.3333333333333333,5.666666666666667,13,0,0
/store/p/apis-and-api-design-with-python-nov2020,4,4,1,2.25,17,0,0
/store/p/architecting-on-aws-online-live-class-jan10,4,1,4,0,5,0,0
/store/p/cks-5-2023,4,1,4,1,7,0,0
/store/p/golang-may2023,4,1,4,0,5,0,0
/store/p/jenkins-training-june2023,4,1,4,0,6,0,0
/store/p/kubernetes-ckad-online-class-sept2023,4,1,4,0,6,0,0
/store/p/napya-onlinelive,4,1,4,0,4,0,0
/store/p/sp-ansible-201,4,3,1.3333333333333333,3,9,0,0
/store/p/suse-sles-linux-june2022,4,4,1,3.75,18,0,0
/store/p/suse-sles-linux-nov2021,4,4,1,3.75,17,0,0
/talia,4,3,1.3333333333333333,4.666666666666667,10,0,0
/visit,4,4,1,0,15,0,0
/%C3%A2%C2%80%C2%8B%C3%A2%C2%80%C2%8B%C3%A2%C2%80%C2%8B%C3%A2%C2%80%C2%8B%C3%A2%C2%80%C2%8B,3,2,1.5,2,12,0,0
/8-2-to-8-13-py-for-sde,3,2,1.5,6,4,0,0
/admin,3,3,1,3,13,0,0
/b3ZlcnZpZX,3,1,3,1,7,0,0
/blog-1-1,3,1,3,43,7,0,0
/blog/5aihoup7u1rnxvlb9m8t8g4dt58pk2,3,1,3,70,6,0,0
/blog/b2ejoa840ofyizom2xfuzo6xiiq3pe,3,1,3,0,4,0,0
/blog/singlevmK8s,3,1,3,67,11,0,0
/blog/tag/ansible,3,1,3,39,6,0,0
/blog/tune-your-dot-files,3,3,1,11.333333333333334,6,0,0
/blog/xgzvy5ylhdinwachialvwav5ggeh7n,3,1,3,0,6,0,0
/on-demand-courses-1,3,1,3,103,5,0,0
/overview-network-automation,3,2,1.5,6.5,12,0,0
/overview-pyb,3,2,1.5,3,9,0,0
/overview-zerocodechatbots-1,3,1,3,0,3,0,0
/poster/,3,1,3,3,10,0,0
/s/Mastering-Ansible-873z.pdf,3,1,3,10,9,0,0
/store-comptia-network,3,2,1.5,1,5,0,0
/store/p/ansible-essentials-online-nov2022,3,3,1,4.333333333333333,11,0,0
/store/p/api-design-with-python-feb-2021,3,3,1,2,14,0,0
/store/p/api-design-with-python-oct2023-t7Xr8,3,1,3,0,3,0,0
/store/p/architecting-on-aws-online-live-class-4-26-22,3,2,1.5,1.5,4,0,0
/store/p/architecting-on-aws-online-live-class-apr2021,3,1,3,0,3,0,0
/store/p/aws-techessentials-feb20,3,2,1.5,0,7,0,0
/store/p/deploying5g-online-live-class-12-21,3,3,1,0.3333333333333333,11,0,0
/store/p/golang-training-aug2022,3,1,3,0,4,0,0
/store/p/jenkins-jan2022,3,2,1.5,1,8,0,0
/store/p/jenkinsnov2020,3,3,1,14,13,0,0
/store/p/kubernetes-bootcamp-online-live-class-dec2020,3,2,1.5,6.5,10,0,0
/store/p/kubernetes-bootcamp-online-live-class-oct2020,3,3,1,37.333333333333336,12,0,0
/store/p/kubernetes-online-live-class-oct-2021,3,3,1,30,12,0,0
/store/p/microservices-online-live-class-1-27-2021,3,2,1.5,7.5,12,0,0
/store/p/neuvector-training-623,3,2,1.5,0.5,6,0,0
/store/p/python-basics-online-live-class-jan2021,3,2,1.5,1.5,7,0,0
/store/p/sip-essentials-online-live-oct2021,3,3,1,12,9,0,0
/store/p/system-operations-on-aws-online-live-class-nov2020,3,1,3,0,6,0,0
/store/p/system-operations-on-aws-online-live-class-nov2022,3,1,3,0,5,0,0
/test.yaml,3,2,1.5,2.5,9,0,0
/training-courses-old,3,1,3,5,4,0,0
/ansible-training-1,2,1,2,0,2,0,0
/beachhead,2,2,1,0,10,0,0
/blog-1-1/Blog Post Title One-6sea4,2,1,2,59,5,0,0
/blog-1-1/jm3qremu8kkqc52uhj7kre1amp7b1y,2,1,2,0,4,0,0
/blog/category/blog,2,1,2,2,5,0,0
/blog/tag/ansible+switch+configuration,2,2,1,2.5,10,0,0
/blog/tag/ckad,2,2,1,4.5,6,0,0
/blog/tag/programming,2,2,1,2.5,9,0,0
/cloud-training-2,2,1,2,0,2,0,0
/commerce/orders/YmM5OWYyOT,2,2,1,0,8,0,0
/contact/,2,2,1,0,2,0,0
/courses/,2,2,1,8,10,0,0
/devops.,2,1,2,1,6,0,0
/extra,2,1,2,5,7,0,0
/home-1-2,2,1,2,0,4,0,0
/https/alta3.com/store/p/crush-the-ckad,2,1,2,0,4,0,0
/hutch-copy,2,1,2,0,3,0,0
/kubernetes-in-the-5g-network-webinar,2,1,2,0,2,0,0
/labs/openstack,2,1,2,1,5,0,0
/labs/openstack/39,2,2,1,1,5,0,0
/login,2,2,1,4.5,9,0,0
/may-ansible-awx-webinar,2,1,2,0,2,0,0
/overview-5G,2,1,2,2,6,0,0
/overview-ans,2,2,1,0.5,7,0,0
/overview-ansible-202-1,2,1,2,0,2,0,0
/overview-awssyops,2,2,1,2.5,6,0,0
/overview-github,2,1,2,3,6,0,0
/overview-gitlab,2,2,1,2.5,6,0,0
/overview-gitlab-training-1,2,1,2,0,2,0,0
/overview-natural-language-ai-1,2,1,2,0,2,0,0
/overview-opensource-ai-1,2,1,2,0,2,0,0
/overview-opensource-aihttps://alta3.com/overview-natural-language-aihttps://alta3.com/overview-python-aihttps://alta3.com/overview-golang-aihttps://alta3.com/overview-ansible-aihttps://alta3.com/overview-java-aihttps://alta3.com/overview-zerocodechatbotshttps://alta3.com/overview-zerocode-aihttps://alta3.com/overview-ai-chat-bardhttps://alta3.com/overview-zerocodechatbots-watsonhttps://alta3.com/overview-zerocodechatbots-chatgpt,2,2,1,0,7,0,0
/overview-py-datasci,2,1,2,2,6,0,0
/overview-pyna,2,2,1,3.5,6,0,0
/overview-zerocodeai,2,1,2,389,4,0,0
/portfolio-1/project-one-f5w4d-wcrse,2,1,2,0,4,0,0
/posters/tmux.pdf,2,2,1,2,8,0,0
/store-network-automation-training-1,2,1,2,0,3,0,0
/store-slesv201v15-training,2,2,1,1,3,0,0
/store-volte,2,2,1,3,3,0,0
/store/manual,2,1,2,0,2,0,0
/store/p/5g-essentials-online-live-class-august27-28,2,1,2,9,6,0,0
/store/p/5g-essentials-online-live-class-jan2022,2,2,1,5,6,0,0
/store/p/aXBzZWMtc2,2,2,1,0,8,0,0
/store/p/ansible-essentials-self-paced-nov2020,2,2,1,3.5,8,0,0
/store/p/apis-and-api-design-with-python-june2021,2,2,1,1,7,0,0
/store/p/architecting-on-aws-online-live-class-5-17-22,2,1,2,8,5,0,0
/store/p/architecting-on-aws-online-live-class-6-28-22,2,1,2,0,4,0,0
/store/p/architecting-on-aws-online-live-class-oct2020,2,1,2,0,2,0,0
/store/p/architecting-on-aws-online-live-class-sept28,2,1,2,0,2,0,0
/store/p/architecting-on-aws-online-live-sept2021,2,1,2,0,3,0,0
/store/p/aws-techessentials-april2023,2,1,2,0,2,0,0
/store/p/cka-online-live-class-12-2022,2,2,1,0,3,0,0
/store/p/comptia-security-boot-camp-aug2021,2,1,2,1,6,0,0
/store/p/developing-on-aws-online-live-class-aug2022,2,1,2,0,2,0,0
/store/p/gitlab-training-march2022,2,1,2,0,5,0,0
/store/p/golang-nov2021,2,1,2,0,3,0,0
/store/p/kubernetes-bootcamp-online-live-class-august31,2,2,1,0,4,0,0
/store/p/kubernetes-online-live-class-dec2022,2,2,1,1,5,0,0
/store/p/kubernetes-online-live-class-july2023-dg8bl,2,1,2,0,3,0,0
/store/p/kubernetes-online-live-class-nov2022,2,1,2,3,7,0,0
/store/p/microservices-online-live-class-aug2021,2,2,1,1.5,8,0,0
/store/p/microservices-online-live-june2023,2,1,2,4,4,0,0
/store/p/network-automation-online-live-class-nov2022,2,1,2,0,3,0,0
/store/p/pythonnetworautomation-aug2022,2,1,2,0,3,0,0
/store/p/pythonnetworautomation-may2022,2,1,2,0,3,0,0
/store/p/sdnnfv-online-live-class-oct2020,2,1,2,2,7,0,0
/store/p/sip-essentials-online-live-class-april2021,2,2,1,5.5,8,0,0
/store/p/subscription-yearly,2,1,2,0,3,0,0
/store/p/suse-k8s-dec2022,2,2,1,1,6,0,0
/store/p/suse-rancher-dec2021,2,2,1,4.5,9,0,0
/store/p/suse-sle201v15-linux-sept2021,2,2,1,1,9,0,0
/store/p/volte-and-the-ims-online-training-livesept-584p6mar2022,2,1,2,8,7,0,0
/subscription-services,2,2,1,0,3,0,0
/training-courses-2021,2,1,2,0,2,0,0
/training/sip-interoperability-training/,2,2,1,0,4,0,0
/training/virtual-sip-training,2,2,1,0,6,0,0
/%E2%80%8B%E2%80%8B%E2%80%8B%E2%80%8B%E2%80%8B,1,1,1,0,3,0,0
/3-7-python-basics,1,1,1,1,5,0,0
/404,1,1,1,0,3,0,0
/;,1,1,1,1,2,0,0
/Avaya_SIP_Training.html,1,1,1,0,3,0,0
/DEMO,1,1,1,0,4,0,0
/alta3-practice-lab-environments,1,1,1,0,3,0,0
/alta3-research-course-portfolio-1,1,1,1,0,1,0,0
/api/what-is-live,1,1,1,1,5,0,0
/author/hfryer/,1,1,1,12,3,0,0
/beachhead/,1,1,1,3,5,0,0
/blog/2017-02-09-public-vs-private-openstack,1,1,1,0,4,0,0
/blog/5pc907711blfw1nludoq9zzh7bjjbc,1,1,1,21,3,0,0
/blog/670bzkwx4a4ui8sxf0x96qsq7eh51h,1,1,1,23,3,0,0
/blog/asgv4x928z07bkyoe0420szb38mezk,1,1,1,47,3,0,0
/blog/en77h6ek2rjfwfuwobm65ocmkj67po,1,1,1,20,3,0,0
/blog/km1mvf4k45gwvsbd5af80357c3slex,1,1,1,94,3,0,0
/blog/ma999nl77n8yjq3cgxn3uyh0gn0va8,1,1,1,35,3,0,0
/blog/mk2zfhf8l0h9rj4x4xi9xffbi89p6t,1,1,1,101,3,0,0
/blog/r77bthbptec44rdupzglhzwrr7te0i,1,1,1,21,3,0,0
/blog/tag/ansible+eos+banner,1,1,1,0,4,0,0
/blog/tag/curl,1,1,1,7,3,0,0
/blog/tag/kubernetes,1,1,1,7,2,0,0
/blog/tag/linux,1,1,1,7,3,0,0
/blog/tag/python,1,1,1,7,3,0,0
/blog/tag/vim,1,1,1,2,3,0,0
/blog/w2r9f6mt8i7qj78wi9pr54yfte6ev7,1,1,1,86,3,0,0
/blogs,1,1,1,2,4,0,0
/category/uncategorized/,1,1,1,13,5,0,0
/certification-pyb-1,1,1,1,0,1,0,0
/certification-pyna-202-1,1,1,1,0,1,0,0
/certification-python-201-1,1,1,1,0,1,0,0
/certification/cf1f998c-92e7-437f-a1dd-80fb1e70ee87.pdf,1,1,1,2,5,0,0
/commerce/orders/024998a6-b1d5-464c-a045-5eab76d986fc,1,1,1,78,4,1,0
/commerce/orders/07521208-793e-4ab4-9555-85be28a13082,1,1,1,23,4,1,0
/commerce/orders/085d2533-1de9-400c-b892-fef40613ffed,1,1,1,5,4,1,0
/commerce/orders/093900dc-6bc6-49f7-82b6-64457ac03c26,1,1,1,5,4,1,0
/commerce/orders/0dbe173c-c44e-4ef9-adbd-bdbe3b706d21,1,1,1,0,5,1,0
/commerce/orders/124cc4fa-734e-4ddb-b348-a95b55bdd6f0,1,1,1,49,4,1,0
/commerce/orders/1db58db7-b161-4188-88ab-adbf9ca99db8,1,1,1,0,5,1,0
/commerce/orders/22614371-1862-43f7-b9c3-94afe994850f,1,1,1,2,4,1,0
/commerce/orders/25eca9be-4e70-4d40-b51e-d2ff82588c2d,1,1,1,420,4,1,0
/commerce/orders/29419664-b125-4be9-a7b7-f3df36b3feae,1,1,1,90,4,1,0
/commerce/orders/2bd11f25-6549-4090-859e-83f630570a91,1,1,1,8,4,1,0
/commerce/orders/2d965dc2-0939-4de8-937a-e51deb0e33f2,1,1,1,167,4,1,0
/commerce/orders/30337d48-57af-42cf-9770-a59f78ee378d,1,1,1,5,4,1,0
/commerce/orders/345199bd-0a0a-4046-a16e-945a9a26c0f2,1,1,1,1271,4,1,0
/commerce/orders/34c982c1-6ab9-4dd0-b756-1f33f21ec80d,1,1,1,0,5,1,0
/commerce/orders/34d4652e-1d30-4b74-ba94-f29f47cffd45,1,1,1,3,4,1,0
/commerce/orders/3bdc79fd-6c3a-410d-b9bb-52a26bc79e5b,1,1,1,0,5,1,0
/commerce/orders/3bfa5f15-797d-461d-8851-ca0134be6765,1,1,1,10,4,1,0
/commerce/orders/3c750317-b014-41d0-a75f-d0e3ad3a9876,1,1,1,8,4,1,0
/commerce/orders/43fe3441-eb01-419c-be7f-0a814eb8fba9,1,1,1,0,3,1,0
/commerce/orders/4846f0c4-8c69-4971-b7b3-e49484247842,1,1,1,0,4,1,0
/commerce/orders/4877b9bc-8435-4afd-94eb-e4e410bbdfb0,1,1,1,29,4,1,0
/commerce/orders/48b6c7a9-119d-48e7-b7f1-a055b13f3f4b,1,1,1,666,4,1,0
/commerce/orders/522d8309-46b1-46f8-bb3a-cf8af75dfeb6,1,1,1,5,4,1,0
/commerce/orders/59e75593-f5b7-4b3d-85a0-56b4340c7790,1,1,1,22,4,1,0
/commerce/orders/67dbbeec-0c81-4163-830b-daa421fc1578,1,1,1,14,4,1,0
/commerce/orders/6864850d-7dc6-400d-964e-d808d0b24b86,1,1,1,120,4,1,0
/commerce/orders/72e9abf0-c4a5-4180-857c-a779e8e48bca,1,1,1,6,4,1,0
/commerce/orders/795041ee-f64b-48dd-ada6-2696bcdaf8c2,1,1,1,0,3,1,0
/commerce/orders/7ff88cd3-2f3b-42a6-9aaa-8ce39f9fa81e,1,1,1,0,5,1,0
/commerce/orders/85041af8-93db-490e-8b86-b10164b7a6b3,1,1,1,13,4,1,0
/commerce/orders/8967fde7-b830-420f-9fe8-e59a5e3cd510,1,1,1,0,3,1,0
/commerce/orders/89d2b8a3-cbd1-41c4-a9e7-b635f99679c7,1,1,1,22,4,1,0
/commerce/orders/8f71ad57-662f-4294-a494-cb5e0ddb2ae1,1,1,1,11,3,1,0
/commerce/orders/911383df-1351-4e3f-a31c-08020ce753e3,1,1,1,1,4,1,0
/commerce/orders/999bd3ad-8680-48f2-adde-f359a2f22cb0,1,1,1,13,4,1,0
/commerce/orders/99cec71d-8800-4244-b4ab-602fdb699e0f,1,1,1,0,5,1,0
/commerce/orders/a081384e-3a6e-4dc7-8638-493f38c679db,1,1,1,53,4,1,0
/commerce/orders/a0d318e4-2a37-4fee-a499-236a87203f2c,1,1,1,0,5,1,0
/commerce/orders/b38e4080-882b-4893-aa61-7d1aa165a47b,1,1,1,6,4,0,0
/commerce/orders/c1ef172f-728c-466a-8d60-c46240c98840,1,1,1,2,3,1,0
/commerce/orders/cdac9ddb-8857-49c9-a33d-1485fc7ac6b7,1,1,1,13,4,1,0
/commerce/orders/d4705bab-dfd7-4e8d-9303-bd7cb1d8c6c4,1,1,1,15,4,1,0
/commerce/orders/d7521bad-7574-4c28-905d-7c0801040cf6,1,1,1,48,4,1,0
/commerce/orders/db400617-4d97-471c-8407-33b611d9c85c,1,1,1,8,4,1,0
/commerce/orders/dd8a018e-7830-46db-9dc1-43e83adea640,1,1,1,24,4,1,0
/commerce/orders/ddf1a9ea-3d14-4580-a214-5278cf8f6757,1,1,1,30,4,1,0
/commerce/orders/e346b617-96c4-4ae4-82ce-c4384c56b35d,1,1,1,11,4,1,0
/commerce/orders/ec4a9510-b249-4eee-917e-cea82857d582,1,1,1,22,4,1,0
/commerce/orders/eea534af-4057-4dcc-8fb8-a2e5f2015b1b,1,1,1,9,4,1,0
/commerce/orders/f649f859-ef4b-482f-b0a1-1764fae73003,1,1,1,12,4,1,0
/commerce/orders/f985595c-fe20-4dde-8072-0d0ec3b852de,1,1,1,0,6,1,0
/commerce/orders/fa42e40a-5de8-45c6-8e8a-548b1aece045,1,1,1,1,4,1,0
/commerce/orders/ffdd4279-b51c-481c-b9cc-eec32dd80bb3,1,1,1,0,5,1,0
/commerce/redirect,1,1,1,0,4,0,0
/courses/virtual-sip-training/,1,1,1,0,4,0,0
/draftpagedonotlink,1,1,1,0,2,0,0
/favicon.co,1,1,1,1,3,0,0
/free-course-trials-thank-you,1,1,1,0,1,0,0
/groups/macho-dingos-flopped/your-content,1,1,1,1,5,0,0
/groups/nimble-orangutans-raced/dashboard,1,1,1,3,5,0,0
/groups/nimble-turtles-spurted,1,1,1,2,5,0,0
/groups/nimble-turtles-spurted/your-content,1,1,1,1,3,0,0
/https:/alta3.com/store/p/tf-selfpaced,1,1,1,0,2,0,0
/hutch-1,1,1,1,0,1,0,0
/july-sles-webinar,1,1,1,0,1,0,0
/labs,1,1,1,10,5,0,0
/labs/openstack/,1,1,1,2,3,0,0
/labs/openstack/10/,1,1,1,2,5,0,0
/labs/sdn/,1,1,1,0,6,0,0
/march-suse-rancher-webinar-1,1,1,1,0,1,0,0
/napya,1,1,1,4,4,0,0
/new-page,1,1,1,0,3,0,0
/overview-5g-overview/,1,1,1,0,4,0,0
/overview-aa,1,1,1,0,3,0,0
/overview-ansible-101,1,1,1,4,3,0,0
/overview-ansible-2,1,1,1,0,1,0,0
/overview-ansible-202-server,1,1,1,0,2,0,0
/overview-ansible-203-windows,1,1,1,0,2,0,0
/overview-ansible-302-1,1,1,1,0,1,0,0
/overview-ansible-ai-1,1,1,1,0,1,0,0
/overview-ansidell,1,1,1,0,2,0,0
/overview-avaya-trainingThis%20video,1,1,1,11,5,0,0
/overview-awx,1,1,1,0,2,0,0
/overview-casp/,1,1,1,1,5,0,0
/overview-cka,1,1,1,1,3,0,0
/overview-cka-training%C2%A0-%C2%A0virtual%20live%20training%20-%205-9%20June%202023,1,1,1,9,3,0,0
/overview-cka-training-1,1,1,1,0,1,0,0
/overview-comptia-network/,1,0,0,0,3,0,0
/overview-crush-the-ckad-exam,1,1,1,1,3,0,0
/overview-deploying5g-1,1,1,1,0,1,0,0
/overview-docker101-1,1,1,1,0,2,0,0
/overview-golang-ai-1,1,1,1,0,1,0,0
/overview-golang-training-1,1,1,1,0,1,0,0
/overview-java-ai-1,1,1,1,0,1,0,0
/overview-kubernetes-cka,1,1,1,0,2,0,0
/overview-kubernetes-ckad-1,1,1,1,0,1,0,0
/overview-mans,1,1,1,0,2,0,0
/overview-mastering-ansible-training-1,1,1,1,0,2,0,0
/overview-natural-language-ai-delete,1,1,1,0,1,0,0
/overview-natural-language-ai/,1,1,1,2,4,0,0
/overview-python-ai-1,1,1,1,0,1,0,0
/overview-sd-wan,1,1,1,2,3,0,0
/overview-sdn,1,1,1,2,3,0,0
/overview-sk8s,1,1,1,0,2,0,0
/overview-suse-k8s-1,1,1,1,0,1,0,0
/overview-suse-neuvector/,1,1,1,0,3,0,0
/overview-training-data-sciences,1,1,1,7,3,0,0
/overview-zerocodechatbots-chatgpt-1,1,1,1,0,1,0,0
/overview-zerocodechatbots-watson-1,1,1,1,0,1,0,0
/overviewawsdeveloping,1,1,1,1,4,0,0
/overviewjenkins,1,1,1,6,4,0,0
/pdf/,1,1,1,3,3,0,0
/portfolio-1,1,1,1,0,1,0,0
/portfolio-2,1,1,1,0,1,0,0
/posters/ansible.pdf,1,1,1,0,2,0,0
/posters/linux.pdf,1,1,1,1,3,0,0
/postersopen%20aiopen%20ai,1,1,1,1,3,0,0
/postest,1,1,1,0,4,0,0
/programming-training-1,1,1,1,0,1,0,0
/rancher-training,1,1,1,0,1,0,0
/research,1,1,1,3,3,0,0
/sales,1,1,1,4,3,0,0
/sales-applicatiom,1,1,1,0,3,0,0
/site-map.yaml,1,1,1,1,3,0,0
/site-map.yml,1,1,1,1,3,0,0
/sle201v15-training,1,1,1,0,1,0,0
/store-2/p/country-feast-set-3nybt-kkkbr,1,1,1,0,1,0,0
/store-awsarchitect,1,1,1,0,1,0,0
/store-awsdeveloping,1,1,1,0,1,0,0
/store-awsdevops,1,1,1,0,1,0,0
/store-awssysops,1,1,1,0,1,0,0
/store-awstech,1,1,1,0,1,0,0
/store-ceh,1,1,1,0,1,0,0
/store-certified-kubernetes-training%20Certified%20Kubernetes%20Administrator%20-%20Instructor%20led%20course,1,1,1,2,3,0,0
/store-certified-kubernetes-training-1,1,1,1,0,1,0,0
/store-mans,1,1,1,0,2,0,0
/store-openstack-training,1,1,1,0,1,0,0
/store-rancher-training-1,1,1,1,0,1,0,0
/store/p/5g-essentials-online-live-class-april2021,1,1,1,1,4,0,0
/store/p/NWctZXNzZW,1,1,1,0,4,0,0
/store/p/ansible-manual,1,1,1,0,3,0,0
/store/p/api-design-with-python-nov2021,1,1,1,2,4,0,0
/store/p/apis-and-api-design-with-python-april2021,1,1,1,33,2,0,0
/store/p/architecting-on-aws-online-live-class-aug2022,1,1,1,0,1,0,0
/store/p/architecting-on-aws-online-live-class-jan10-ny84t,1,1,1,0,1,0,0
/store/p/architecting-on-aws-online-live-class-jan2021,1,1,1,0,1,0,0
/store/p/architecting-on-aws-online-live-nov-21,1,1,1,1,4,0,0
/store/p/aws-technical-essentials-online-live-class-nov2022,1,1,1,0,1,0,0
/store/p/certified-kubernetes-administrator-labs,1,1,1,2,5,0,0
/store/p/cissp-boot-camp-online-live-nov2020-737ye,1,1,1,5,3,0,0
/store/p/comptia-advanced-security-practitioner-casp-dec-gpcyn/,1,1,1,0,3,0,0
/store/p/comptia-network-online-live-nightclassaugust,1,1,1,1,4,0,0
/store/p/comptia-security-boot-camp-dec2021-g29rp,1,1,1,0,4,0,0
/store/p/developing-on-aws-online-live-class-jan31,1,1,1,0,1,0,0
/store/p/developing-on-aws-online-live-class-oct-2021,1,1,1,0,1,0,0
/store/p/gitlab-training-oct2021-9hkpn-Bhi6h,1,1,1,2,5,0,0
/store/p/golang-oct2023-qNrJL,1,1,1,0,1,0,0
/store/p/kubernetes-ckad-online-live-class-sept2023-TSsSF,1,1,1,0,1,0,0
/store/p/microservices-online-live-class-june2021,1,1,1,0,3,0,0
/store/p/microservices-online-live-class-oct2021,1,1,1,3,4,0,0
/store/p/network-automation-with-python-and-ansible-online-live-class-april2021,1,1,1,14,5,0,0
/store/p/network-automation-with-python-and-ansible-online-live-class-aug2021,1,1,1,0,4,0,0
/store/p/network-automation-with-python-and-ansible-online-live-class-dec2021,1,1,1,0,1,0,0
/store/p/pe-ai-nov-23,1,1,1,0,1,0,0
/store/p/python-basics-online-live-class-nov2020,1,1,1,4,4,0,0
/store/p/python-networking-oct-2023,1,1,1,0,2,0,0
/store/p/pythonnetworautomation-march2023,1,1,1,0,1,0,0
/store/p/red-hat-system-administrator-online-live-jan2021,1,1,1,0,3,0,0
/store/p/red-hat-system-administrator-online-live-july2021,1,1,1,0,4,0,0
/store/p/red-hat-system-administrator-self-paced,1,1,1,2,5,0,0
/store/p/sip-essentials-online-live-class-dec2020,1,1,1,35,2,0,0
/store/p/suse-k8s-aug2021,1,1,1,0,1,0,0
/store/p/suse-k8s-dec2021/,1,1,1,0,3,0,0
/store/p/suse-k8s-may2022,1,1,1,0,1,0,0
/store/p/suse-k8s-oct2021,1,1,1,0,4,0,0
/store/p/suse-k8s-oct2022,1,1,1,0,1,0,0
/store/p/suse-k8s-sept2022,1,1,1,0,1,0,0
/store/p/suse-rancher-aug2021,1,1,1,3,4,0,0
/store/p/suse-rancher-may2023-dpk8d,1,1,1,0,1,0,0
/store/p/system-operations-on-aws-online-live-class-0ct2022,1,1,1,0,2,0,0
/store/p/system-operations-on-aws-online-live-class-feb7,1,1,1,0,1,0,0
/store/p/volte-and-the-ims-onlinelivesept,1,1,1,2,4,0,0
/store/p/volte-online-training-june2021,1,1,1,0,4,0,0
/storecissp,1,1,1,6,3,0,0
/storedeploying5g,1,1,1,0,2,0,0
/termsandconditions,1,1,1,4,4,0,0
/tim-1,1,1,1,0,1,0,0
/training,1,1,1,0,2,0,0
/training-courses-1,1,1,1,0,2,0,0
/users,1,1,1,20,3,0,0
/wiki,1,1,1,3,5,0,0
/â€‹â€‹â€‹â€‹â€‹,1,1,1,0,4,0,0
/commerce/orders/fd737a4a-145a-422e-85f7-0c835a15af97,0,1,0,72,2,0,0
